Agency & Subagency Name,Sorting Code,Reporting Level_2015,Response Count_2015,Employee Engagement: Overall_2015,Employee Engagement: Leaders Lead_2015,Employee Engagement: Supervisors_2015,Employee Engagement: Intrinsic Work Experience_2015,HCAAF: Leadership and Knowledge Management_2015,HCAAF: Results-Oriented Performance Culture_2015,HCAAF: Talent Management_2015,HCAAF: Job Satisfaction_2015,New IQ: Overall_2015,New IQ: Fair_2015,New IQ: Open_2015,New IQ: Cooperative_2015,New IQ: Supportive_2015,New IQ: Empowered_2015,Global Satisfaction_2015,Reporting Level_2016,Response Count_2016,Employee Engagement: Overall_2016,Employee Engagement: Leaders Lead_2016,Employee Engagement: Supervisors_2016,Employee Engagement: Intrinsic Work Experience_2016,HCAAF: Leadership and Knowledge Management_2016,HCAAF: Results-Oriented Performance Culture_2016,HCAAF: Talent Management_2016,HCAAF: Job Satisfaction_2016,New IQ: Overall_2016,New IQ: Fair_2016,New IQ: Open_2016,New IQ: Cooperative_2016,New IQ: Supportive_2016,New IQ: Empowered_2016,Global Satisfaction_2016,Reporting Level_2017,Response Count_2017,Employee Engagement: Overall_2017,Employee Engagement: Leaders Lead_2017,Employee Engagement: Supervisors_2017,Employee Engagement: Intrinsic Work Experience_2017,Global Satisfaction_2017,New IQ: Overall_2017,New IQ: Fair_2017,New IQ: Open_2017,New IQ: Cooperative_2017,New IQ: Supportive_2017,New IQ: Empowered_2017,HCAAF: Leadership and Knowledge Management_2017,HCAAF: Results-Oriented Performance Culture_2017,HCAAF: Talent Management_2017,HCAAF: Job Satisfaction_2017,Reporting Level_2018,Response Count_2018,Employee Engagement: Overall_2018,Employee Engagement: Leaders Lead_2018,Employee Engagement: Supervisors_2018,Employee Engagement: Intrinsic Work Experience_2018,Global Satisfaction_2018,New IQ: Overall_2018,New IQ: Fair_2018,New IQ: Open_2018,New IQ: Cooperative_2018,New IQ: Supportive_2018,New IQ: Empowering_2018,Reporting Level_2019,Response Count_2019,Employee Engagement: Overall_2019,Employee Engagement: Leaders Lead_2019,Employee Engagement: Supervisors_2019,Employee Engagement: Intrinsic Work Experience_2019,Global Satisfaction_2019,New IQ: Overall_2019,New IQ: Fair_2019,New IQ: Open_2019,New IQ: Cooperative_2019,New IQ: Supportive_2019,New IQ: Empowering_2019,Reporting Level_2020,Response Count_2020,Employee Engagement: Overall_2020,Employee Engagement: Leaders Lead_2020,Employee Engagement: Supervisors_2020,Employee Engagement: Intrinsic Work Experience_2020,Global Satisfaction_2020,Subsetting Code_2022,Reporting Level_2022,Response Count_2022,Employee Engagement: Overall_2022,Employee Engagement: Leaders Lead_2022,Employee Engagement: Supervisors_2022,Employee Engagement: Intrinsic Work Experience_2022,Global Satisfaction_2022
Governmentwide,GOV,Governmentwide,"421,748",0.64,0.51,0.71,0.69,0.59,0.52,0.57,0.64,0.57,0.43,0.56,0.52,0.75,0.57,0.6,Governmentwide,407789,0.65,0.53,0.72,0.7,0.6,0.53,0.58,0.65,0.58,0.45,0.57,0.54,0.75,0.58,0.61,Governmentwide,486105,0.67,0.55,0.74,0.71,0.64,0.6,0.47,0.59,0.57,0.77,0.59,0.62,0.54,0.59,0.66,Governmentwide,598003,0.67645355,0.56084281,0.75250746,0.71601037,0.64374253,0.6102467,0.48325387,0.60300383,0.58034323,0.78210118,0.60253138,Governmentwide,615395,0.68483824,0.57090582,0.76217133,0.72143756,0.64924976,0.62070441,0.4944852,0.6129174,0.59455745,0.79045225,0.61110978,Governmentwide,624800,0.72447792,0.61573887,0.80231001,0.75538488,0.6872763,GOV,Governmentwide,557778.0,0.70543273,0.5922603,0.79727759,0.72676029,0.61691133
Department of Commerce,CM,Agency,"10,129",0.68,0.56,0.77,0.72,0.62,0.6,0.62,0.68,0.63,0.54,0.61,0.56,0.81,0.6,0.67,Agency,9784,0.69,0.57,0.78,0.73,0.63,0.6,0.63,0.69,0.63,0.55,0.62,0.56,0.82,0.62,0.68,Agency,10480,0.71,0.58,0.8,0.74,0.7,0.66,0.57,0.65,0.6,0.84,0.63,0.65,0.62,0.64,0.69,Agency,20725,0.71441194,0.60119928,0.7981199,0.74391664,0.70653783,0.65730379,0.5762386,0.64839244,0.60050663,0.83050451,0.63087677,Agency,19847,0.72617735,0.61544285,0.81404344,0.74904576,0.71061852,0.67038208,0.58583664,0.6600119,0.61968865,0.84457958,0.64179363,Agency,21310,0.76040277,0.65457814,0.84348297,0.78314721,0.73709014,CM,Agency,21009.0,0.75102522,0.64713993,0.84442971,0.76150602,0.67068671
National Oceanic and Atmospheric Administration,CM09,Level 1,"2,182",0.64,0.48,0.73,0.71,0.56,0.53,0.55,0.66,0.58,0.46,0.56,0.5,0.79,0.58,0.64,Level 1,2121,0.65,0.49,0.74,0.73,0.57,0.55,0.57,0.68,0.59,0.48,0.57,0.5,0.79,0.6,0.66,Level 1,1984,0.67,0.52,0.76,0.72,0.68,0.62,0.51,0.6,0.57,0.81,0.61,0.6,0.57,0.58,0.69,Level 1,5448,0.69201538,0.56145682,0.76255447,0.75203485,0.69795518,0.63181821,0.51877527,0.62347292,0.57655951,0.80522957,0.63505381,Level 1,5274,0.70683053,0.57627788,0.78143387,0.76277985,0.7145792,0.6515847,0.53347823,0.64463928,0.60348973,0.82024845,0.65606781,Level 1,5022,0.7630096,0.654789,0.82508365,0.80915616,0.7662203,CM09,Level 1,4650.0,0.73838997,0.61480846,0.82375524,0.7766062,0.68358336
"National Environmental Satellite, Data & Information Service",CM0901,Level 2,219,0.58,0.44,0.69,0.62,0.54,0.5,0.48,0.58,0.54,0.45,0.56,0.47,0.75,0.47,0.51,Level 2,182,0.62,0.44,0.75,0.68,0.54,0.53,0.51,0.6,0.55,0.45,0.57,0.43,0.81,0.51,0.53,Level 2,159,0.65,0.5,0.79,0.67,0.62,0.59,0.51,0.63,0.48,0.8,0.55,0.58,0.58,0.54,0.67,Level 2,445,0.6627603,0.52519122,0.77680525,0.68628442,0.6268907,0.5977219,0.4963816,0.62793703,0.48127961,0.8258034,0.55720786,Level 2,348,0.67487746,0.53707006,0.79244979,0.69511253,0.6126469,0.62577261,0.53715479,0.6705478,0.503246,0.84606356,0.57185089,Level 2,315,0.77589671,0.67520831,0.85979644,0.79268539,0.71775823,CM0901,Level 2,330.0,0.76188089,0.65810014,0.85260445,0.77493808,0.67258357
NESDIS Headquarters & OSAAP,CM090101,Level 3,29,0.51,0.35,0.6,0.58,0.5,0.44,0.41,0.55,0.47,0.37,0.53,0.38,0.69,0.37,0.44,Level 3,31,0.69,0.55,0.78,0.74,0.62,0.62,0.65,0.68,0.65,0.59,0.64,0.56,0.81,0.64,0.59,Level 3,36,0.81,0.7,0.88,0.83,0.79,0.76,0.71,0.72,0.74,0.87,0.77,0.76,0.71,0.7,0.77,Level 3,69,0.73225846,0.67119607,0.77346841,0.75211091,0.70689391,0.65688765,0.59047155,0.65774442,0.60638866,0.79071358,0.63912006,Level 3,63,0.75915805,0.6855502,0.80886754,0.78305643,0.71740787,0.72187445,0.67362758,0.76334111,0.63096633,0.8457028,0.69573442,Level 3,64,0.85424054,0.7735365,0.91092717,0.87825794,0.83351459,CM0901,Level 3,72.0,0.80588921,0.77127752,0.86047384,0.78591626,0.66793745
Joint Polar Satellite System (JPSS) Program Office,CM090103,Level 3,23,0.64,0.6,0.73,0.59,0.63,0.47,0.56,0.55,0.61,0.51,0.65,0.67,0.79,0.46,0.49,Level 3,20,0.7,0.6,0.79,0.71,0.63,0.57,0.6,0.6,0.59,0.45,0.56,0.51,0.82,0.6,0.66,Level 3,11,0.75,0.55,0.83,0.89,0.69,0.64,0.54,0.62,0.56,0.78,0.7,0.59,0.62,0.62,0.74,Level 3,17,0.7410145,0.63973993,0.81978118,0.76352238,0.80035039,0.65295686,0.58293622,0.72996694,0.51168084,0.85595064,0.58424967,Level 3,15,0.77747117,0.77049341,0.85480021,0.7071199,0.59553102,0.73506268,0.55161841,0.81875449,0.76535505,0.91098583,0.62859964,Level 3,12,0.68949463,0.5060094,0.77221135,0.79026312,0.69297198,CM0901,Level 3,13.0,0.6552454,0.5533901,0.87209546,0.54025066,0.61446399
"Office of Projects, Partnerships, and Analysis",CM090104,Level 3,15,0.56,0.34,0.68,0.65,0.48,0.54,0.41,0.51,0.52,0.52,0.44,0.36,0.77,0.52,0.37,Level 3,18,0.62,0.59,0.68,0.59,0.61,0.59,0.61,0.6,0.63,0.72,0.6,0.61,0.73,0.5,0.62,Level 3,21,0.57,0.54,0.6,0.57,0.5,0.52,0.53,0.6,0.4,0.64,0.41,0.55,0.49,0.53,0.55,Level 3,14,0.55885391,0.44785835,0.68372202,0.54498137,0.42553655,0.53030939,0.36706112,0.51318676,0.57372241,0.76692197,0.43065471,Level 3,13,0.6566628,0.60470788,0.68805437,0.67722616,0.60880652,0.62233011,0.48568178,0.69576046,0.61363887,0.73737065,0.57919877,Level 3,12,0.7593216,0.83735884,0.7270754,0.71353055,0.63777498,CM0901,Level 3,14.0,0.87384704,0.83885013,0.98721951,0.79547147,0.77840825
Office of Satellite & Product Operations,CM090105,Level 3,26,0.56,0.34,0.7,0.64,0.46,0.51,0.41,0.53,0.54,0.51,0.55,0.41,0.81,0.43,0.38,Level 3,25,0.56,0.37,0.66,0.65,0.51,0.5,0.46,0.54,0.48,0.39,0.49,0.34,0.77,0.41,0.54,Level 3,24,0.6,0.43,0.77,0.6,0.65,0.52,0.44,0.55,0.36,0.77,0.49,0.5,0.55,0.49,0.67,Level 3,134,0.65642832,0.50964376,0.76182209,0.69781911,0.69036478,0.59466852,0.48389893,0.63494564,0.46700296,0.82260247,0.56489261,Level 3,85,0.66052136,0.51783825,0.79232126,0.67140456,0.68104767,0.61879645,0.50430797,0.6559776,0.50344116,0.85696047,0.57329507,Level 3,73,0.74074216,0.64581741,0.82749148,0.74891761,0.72587207,CM0901,Level 3,64.0,0.73648822,0.60418257,0.85491346,0.75036865,0.7169672
Center for Satellite Applications and Research,CM090106,Level 3,39,0.54,0.35,0.71,0.58,0.46,0.5,0.46,0.56,0.5,0.37,0.49,0.42,0.75,0.45,0.5,Level 3,27,0.6,0.44,0.73,0.62,0.52,0.52,0.36,0.56,0.54,0.46,0.58,0.41,0.86,0.37,0.38,Level 3,21,0.56,0.34,0.78,0.55,0.49,0.52,0.39,0.57,0.41,0.85,0.35,0.5,0.48,0.31,0.59,Level 3,39,0.69686291,0.63225314,0.82641306,0.63192252,0.59622789,0.60766348,0.56416974,0.63935947,0.48584004,0.84929905,0.49964908,Level 3,33,0.72466374,0.647021,0.84986492,0.67710531,0.6098284,0.65108892,0.60822093,0.7245848,0.52544921,0.88161022,0.51557945,Level 3,37,0.75317676,0.72318032,0.81050231,0.72584764,0.67011606,CM0901,Level 3,33.0,0.67579297,0.54709733,0.75784214,0.72243944,0.48677156
Office of Satellite Ground Services,CM090107,Level 3,28,0.78,0.73,0.82,0.78,0.76,0.65,0.73,0.77,0.7,0.57,0.7,0.7,0.83,0.7,0.74,Level 3,21,0.52,0.34,0.68,0.55,0.46,0.46,0.43,0.57,0.48,0.42,0.47,0.32,0.79,0.42,0.42,Level 3,25,0.52,0.41,0.65,0.49,0.46,0.54,0.46,0.66,0.5,0.71,0.35,0.53,0.46,0.42,0.5,Level 3,42,0.64093573,0.4900477,0.79840378,0.63435572,0.51952123,0.59608475,0.45664226,0.69025243,0.49577126,0.83046968,0.50728811,Level 3,28,0.55090888,0.3436831,0.7651491,0.54389444,0.42640453,0.56326617,0.54249439,0.58236725,0.46014615,0.80955919,0.42176389,Level 3,20,0.72334046,0.56004235,0.86901267,0.74096634,0.57198751,CM0901,Level 3,18.0,0.61542434,0.52067778,0.66002103,0.66557422,0.54557649
National Center for Environmental Information,CM090108,Level 3,24,0.54,0.34,0.68,0.6,0.48,0.5,0.41,0.54,0.53,0.5,0.54,0.45,0.71,0.46,0.51,Level 3,32,0.65,0.4,0.82,0.73,0.53,0.51,0.51,0.6,0.56,0.4,0.6,0.4,0.85,0.57,0.5,Level 3,18,0.67,0.45,0.83,0.74,0.59,0.59,0.48,0.63,0.39,0.86,0.6,0.57,0.59,0.59,0.68,Level 3,121,0.61243624,0.4100536,0.76610116,0.66115395,0.53724587,0.55065477,0.44928872,0.56461007,0.37687057,0.83819344,0.52431107,Level 3,104,0.63044275,0.4326587,0.76554441,0.69312513,0.53957454,0.55522912,0.44711484,0.59932478,0.36830057,0.83214238,0.52926304,Level 3,90,0.77430602,0.62637947,0.88600318,0.81053541,0.68630453,CM0901,Level 3,101.0,0.78004874,0.63723147,0.87942607,0.82348868,0.69540207
National Marine Fisheries Service,CM0902,Level 2,729,0.63,0.46,0.73,0.7,0.54,0.51,0.51,0.65,0.56,0.44,0.53,0.49,0.78,0.55,0.63,Level 2,680,0.64,0.49,0.73,0.72,0.56,0.53,0.55,0.66,0.57,0.44,0.55,0.48,0.79,0.59,0.65,Level 2,652,0.69,0.56,0.77,0.75,0.7,0.63,0.51,0.6,0.59,0.84,0.61,0.63,0.58,0.6,0.69,Level 2,1824,0.70539083,0.57431602,0.77819501,0.76366147,0.7098026,0.63206073,0.50510044,0.6126591,0.58259579,0.82723466,0.63271364,Level 2,1565,0.71150783,0.57645346,0.79167965,0.76639037,0.71274109,0.6451158,0.51503449,0.62250183,0.59507292,0.83726473,0.65570503,Level 2,1619,0.76143687,0.64241902,0.84132946,0.80056212,0.75665558,CM0902,Level 2,1493.0,0.73413884,0.60309973,0.8326803,0.76663649,0.66626554
Office of the Assistant Administrator for Fisheries,CM090201,Level 3,31,0.67,0.6,0.71,0.7,0.58,0.49,0.51,0.63,0.53,0.5,0.47,0.39,0.74,0.54,0.58,Level 3,34,0.71,0.64,0.76,0.73,0.64,0.57,0.67,0.67,0.66,0.53,0.63,0.66,0.8,0.68,0.73,Level 3,24,0.79,0.75,0.76,0.84,0.79,0.67,0.6,0.67,0.61,0.77,0.71,0.7,0.67,0.67,0.75,Level 3,44,0.77425935,0.70930588,0.7658769,0.84759527,0.78584279,0.71530256,0.60250347,0.65820315,0.75698632,0.80741676,0.75140312,Level 3,33,0.79931748,0.74397464,0.83303263,0.82094516,0.82099314,0.77078318,0.69287363,0.70119993,0.80169652,0.87654965,0.78159616,Level 3,40,0.83123124,0.78329814,0.82409657,0.886299,0.83980647,CM0902,Level 3,40.0,0.7564155,0.58101023,0.87539002,0.81284623,0.65581006
Office of Protected Resources,CM090202,Level 3,32,0.66,0.5,0.73,0.74,0.55,0.48,0.54,0.65,0.55,0.4,0.46,0.51,0.78,0.59,0.64,Level 3,44,0.71,0.56,0.83,0.75,0.63,0.61,0.64,0.73,0.64,0.55,0.62,0.51,0.85,0.67,0.75,Level 3,30,0.71,0.59,0.73,0.8,0.8,0.59,0.48,0.56,0.46,0.77,0.68,0.61,0.57,0.58,0.73,Level 3,50,0.68324317,0.5162514,0.77912822,0.75434988,0.66599453,0.63018557,0.50110076,0.61520361,0.60831798,0.81394522,0.61236031,Level 3,51,0.72594449,0.58105213,0.83198727,0.76479406,0.7342814,0.67676349,0.55834042,0.64328202,0.60076439,0.89369079,0.68773985,Level 3,51,0.72136384,0.60207901,0.79180681,0.77020571,0.74933194,CM0902,Level 3,44.0,0.77394603,0.59085332,0.89493843,0.83604635,0.72719136
Office of Sustainable Fisheries,CM090203,Level 3,33,0.78,0.72,0.81,0.82,0.69,0.62,0.63,0.73,0.67,0.53,0.62,0.61,0.83,0.74,0.74,Level 3,29,0.75,0.69,0.83,0.74,0.7,0.63,0.66,0.7,0.65,0.52,0.67,0.54,0.85,0.67,0.69,Level 3,40,0.81,0.74,0.86,0.81,0.82,0.72,0.58,0.66,0.72,0.88,0.74,0.78,0.66,0.77,0.76,Level 3,49,0.8206799,0.78912858,0.86694963,0.80596151,0.79343449,0.78155746,0.67067217,0.73808087,0.85836062,0.90428007,0.73639357,Level 3,43,0.781569,0.71789578,0.81735391,0.80945732,0.7950802,0.71433521,0.57574409,0.72017643,0.71928367,0.85181678,0.70465508,Level 3,42,0.79529672,0.70011913,0.88094341,0.80482762,0.73385574,CM0902,Level 3,35.0,0.7937526,0.71527043,0.82187563,0.84411174,0.71551822
Office of Habitat Conservation,CM090204,Level 3,33,0.76,0.69,0.77,0.81,0.67,0.61,0.62,0.77,0.71,0.59,0.62,0.76,0.86,0.72,0.81,Level 3,27,0.79,0.65,0.88,0.83,0.7,0.67,0.7,0.78,0.7,0.55,0.65,0.67,0.93,0.73,0.9,Level 3,29,0.73,0.57,0.82,0.81,0.8,0.67,0.58,0.57,0.62,0.87,0.72,0.61,0.64,0.71,0.77,Level 3,77,0.76180124,0.63504032,0.83807874,0.81228465,0.85344244,0.72068338,0.62267544,0.67989641,0.66809852,0.87039121,0.76235534,Level 3,59,0.79814791,0.68525553,0.87584654,0.83334167,0.84752904,0.76553465,0.66787299,0.73525635,0.72398707,0.90676132,0.79379554,Level 3,70,0.84347459,0.73957703,0.91992474,0.87092202,0.902535,CM0902,Level 3,80.0,0.80341617,0.71054132,0.86740481,0.8323024,0.77730243
Office of Science and Technology,CM090205,Level 3,38,0.77,0.7,0.84,0.78,0.72,0.59,0.68,0.73,0.69,0.55,0.72,0.63,0.84,0.71,0.83,Level 3,26,0.65,0.55,0.67,0.72,0.58,0.52,0.6,0.68,0.57,0.48,0.59,0.51,0.73,0.56,0.7,Level 3,34,0.77,0.64,0.87,0.81,0.84,0.7,0.57,0.72,0.62,0.84,0.75,0.7,0.69,0.66,0.8,Level 3,47,0.79715717,0.66014592,0.88587157,0.84545401,0.83954508,0.72070882,0.61115934,0.70661048,0.66974381,0.88792367,0.72810681,Level 3,38,0.8143764,0.65017667,0.94501845,0.84793409,0.83193973,0.72818842,0.61067434,0.69741599,0.65996479,0.92151308,0.7513739,Level 3,45,0.80659534,0.69160418,0.90419664,0.82398519,0.79644328,CM0902,Level 3,43.0,0.80967122,0.73194053,0.89989861,0.79717453,0.69373984
Office of Management and Budget,CM090206,Level 3,36,0.47,0.37,0.5,0.55,0.42,0.4,0.39,0.54,0.43,0.35,0.37,0.41,0.62,0.39,0.45,Level 3,36,0.6,0.52,0.66,0.61,0.56,0.52,0.56,0.59,0.53,0.49,0.51,0.43,0.76,0.47,0.58,Level 3,26,0.67,0.55,0.72,0.74,0.72,0.59,0.4,0.59,0.58,0.8,0.58,0.61,0.56,0.61,0.65,Level 3,36,0.67592839,0.57223309,0.69163825,0.76391384,0.68138665,0.6231352,0.5442752,0.60217737,0.60006861,0.70434295,0.66481188,Level 3,44,0.81228079,0.73682291,0.83423577,0.86578368,0.81663426,0.74220612,0.59688261,0.74254264,0.68005282,0.87778645,0.81376605,Level 3,41,0.84691368,0.75908398,0.88004381,0.90161326,0.8736586,CM0902,Level 3,46.0,0.79637106,0.66056252,0.88246696,0.84608371,0.7461052
Office of International Affairs and Seafood Inspection,CM090207,Level 3,44,0.73,0.61,0.85,0.71,0.68,0.57,0.65,0.72,0.67,0.5,0.65,0.72,0.86,0.63,0.69,Level 3,14,0.65,0.61,0.63,0.71,0.64,0.43,0.6,0.55,0.54,0.3,0.52,0.67,0.66,0.56,0.57,Level 3,21,0.7,0.61,0.78,0.72,0.69,0.65,0.43,0.66,0.72,0.81,0.65,0.65,0.51,0.63,0.69,Level 3,83,0.78634756,0.71038632,0.87003413,0.77862222,0.75834898,0.71067365,0.56301379,0.69257159,0.72886597,0.86970615,0.69921075,Level 3,75,0.72478204,0.57261746,0.81660762,0.78512104,0.68459498,0.66868623,0.52304086,0.62635152,0.63724926,0.85754486,0.69924464,Level 3,56,0.70106874,0.57337759,0.77768616,0.75214249,0.66111715,CM0902,Level 3,41.0,0.68710312,0.60260748,0.75861749,0.70008438,0.61195451
Office of Law Enforcement,CM090208,Level 3,33,0.56,0.44,0.65,0.58,0.52,0.52,0.52,0.57,0.54,0.42,0.54,0.53,0.71,0.49,0.55,Level 3,35,0.62,0.42,0.72,0.71,0.52,0.49,0.51,0.7,0.53,0.38,0.52,0.43,0.76,0.54,0.6,Level 3,25,0.8,0.73,0.9,0.78,0.73,0.72,0.62,0.7,0.74,0.92,0.62,0.75,0.7,0.73,0.82,Level 3,103,0.77552802,0.67637462,0.85245063,0.79775882,0.7939394,0.705832,0.57246967,0.71473035,0.66298462,0.8753864,0.70358894,Level 3,72,0.79901318,0.70727719,0.88062879,0.80913355,0.81449349,0.73492607,0.63729887,0.71623562,0.6762041,0.90901694,0.73587481,Level 3,105,0.7682735,0.68554887,0.82825351,0.79101812,0.81541576,CM0902,Level 3,78.0,0.76145326,0.65812525,0.83498035,0.79125419,0.7221569
Greater Atlantic Region,CM090209,Level 3,36,0.75,0.62,0.87,0.76,0.69,0.69,0.69,0.75,0.7,0.63,0.72,0.62,0.88,0.65,0.84,Level 3,61,0.73,0.63,0.83,0.74,0.7,0.62,0.66,0.71,0.64,0.54,0.64,0.53,0.87,0.64,0.73,Level 3,56,0.71,0.62,0.81,0.7,0.72,0.63,0.52,0.63,0.52,0.88,0.6,0.67,0.61,0.62,0.65,Level 3,105,0.72917195,0.64805675,0.75435087,0.78510821,0.72762663,0.63969088,0.51087325,0.59441938,0.59718473,0.82879317,0.66718388,Level 3,106,0.7160036,0.60933595,0.76804271,0.77063213,0.69975388,0.65433557,0.5261626,0.63969938,0.61801711,0.83633824,0.65146051,Level 3,94,0.74846027,0.63404361,0.82920517,0.78213202,0.72055904,CM0902,Level 3,107.0,0.74582444,0.61715277,0.82753828,0.79278226,0.6747765
Southeast Region,CM090210,Level 3,42,0.64,0.56,0.63,0.72,0.6,0.5,0.51,0.66,0.53,0.36,0.5,0.52,0.74,0.51,0.66,Level 3,39,0.69,0.57,0.75,0.74,0.61,0.57,0.62,0.67,0.6,0.43,0.57,0.58,0.8,0.64,0.63,Level 3,50,0.72,0.61,0.79,0.77,0.62,0.63,0.47,0.63,0.6,0.83,0.61,0.65,0.58,0.58,0.69,Level 3,96,0.64197855,0.48913972,0.74539621,0.69139973,0.56980542,0.5577705,0.44762467,0.5242902,0.48916026,0.80212399,0.52565336,Level 3,87,0.67434619,0.48927136,0.80315314,0.73061406,0.60818958,0.61156164,0.45927788,0.59995331,0.553373,0.84005776,0.60514627,Level 3,79,0.79155552,0.65694289,0.86641501,0.85130867,0.75376358,CM0902,Level 3,75.0,0.73287358,0.59520196,0.82116214,0.78225664,0.63414551
West Coast Region,CM090211,Level 3,51,0.64,0.56,0.69,0.67,0.59,0.52,0.49,0.61,0.58,0.47,0.51,0.64,0.76,0.52,0.65,Level 3,47,0.68,0.61,0.75,0.68,0.61,0.54,0.57,0.66,0.6,0.48,0.55,0.6,0.8,0.57,0.68,Level 3,45,0.77,0.7,0.85,0.76,0.73,0.7,0.6,0.63,0.7,0.92,0.64,0.73,0.64,0.67,0.69,Level 3,205,0.73650003,0.66070739,0.82556559,0.72322711,0.72702401,0.66838323,0.54644822,0.63480811,0.66571734,0.86659208,0.62835039,Level 3,161,0.75755281,0.66498728,0.83590156,0.77176958,0.74073088,0.70305122,0.57362458,0.68237414,0.71866738,0.86819379,0.67239619,Level 3,174,0.80492117,0.74931402,0.85676478,0.80868472,0.79220505,CM0902,Level 3,146.0,0.79898853,0.69696235,0.89601196,0.80399129,0.70580735
Alaska Region,CM090212,Level 3,40,0.58,0.36,0.68,0.69,0.48,0.5,0.52,0.66,0.51,0.37,0.44,0.44,0.76,0.55,0.64,Level 3,30,0.53,0.26,0.7,0.63,0.44,0.47,0.54,0.62,0.49,0.37,0.43,0.39,0.77,0.47,0.61,Level 3,31,0.62,0.41,0.8,0.65,0.7,0.54,0.39,0.47,0.45,0.83,0.53,0.55,0.52,0.56,0.68,Level 3,74,0.66934843,0.47890713,0.75920564,0.76993253,0.74596114,0.5663524,0.42510788,0.51659892,0.47089523,0.78642261,0.63273737,Level 3,67,0.7099649,0.50531478,0.82908849,0.79549142,0.77291166,0.623525,0.45251977,0.54200404,0.5930504,0.82768538,0.70236543,Level 3,62,0.70658506,0.54877401,0.81225117,0.75873,0.75503895,CM0902,Level 3,73.0,0.69841883,0.59394943,0.77950913,0.72179792,0.66040269
Pacific Islands Region,CM090213,Level 3,34,0.56,0.39,0.65,0.62,0.53,0.49,0.44,0.55,0.5,0.34,0.47,0.46,0.76,0.47,0.45,Level 3,34,0.67,0.51,0.78,0.71,0.61,0.62,0.63,0.64,0.62,0.48,0.56,0.56,0.85,0.64,0.59,Level 3,32,0.7,0.59,0.77,0.73,0.67,0.68,0.55,0.68,0.76,0.86,0.57,0.67,0.63,0.67,0.64,Level 3,64,0.66169069,0.49619547,0.7280524,0.76082419,0.59580399,0.59759908,0.42173153,0.57360504,0.56063736,0.79477318,0.6372483,Level 3,63,0.59574538,0.39875936,0.69181881,0.69665796,0.64743082,0.53901519,0.39382101,0.50116846,0.42812814,0.79990605,0.57205226,Level 3,52,0.68999906,0.53551031,0.77770572,0.75678114,0.73346888,CM0902,Level 3,51.0,0.67222498,0.51993626,0.79066321,0.70607548,0.68085803
Northeast Fisheries Science Center,CM090214,Level 3,46,0.62,0.3,0.8,0.75,0.48,0.51,0.49,0.67,0.56,0.52,0.55,0.33,0.83,0.58,0.64,Level 3,34,0.6,0.37,0.73,0.7,0.49,0.5,0.47,0.63,0.53,0.47,0.5,0.39,0.78,0.52,0.57,Level 3,41,0.66,0.58,0.69,0.72,0.65,0.6,0.47,0.64,0.56,0.75,0.59,0.62,0.52,0.55,0.65,Level 3,147,0.64007757,0.47752737,0.73155822,0.71114712,0.60636754,0.58658221,0.42561304,0.60289211,0.55608718,0.80169832,0.5466204,Level 3,157,0.69659192,0.57159421,0.77044454,0.74773702,0.65061202,0.63446973,0.50042884,0.63916816,0.57868366,0.82325876,0.63080922,Level 3,142,0.75171209,0.63046429,0.82779514,0.79687684,0.7128364,CM0902,Level 3,112.0,0.76011234,0.62578134,0.83706487,0.8174908,0.64388813
Southeast Fisheries Science Center,CM090215,Level 3,43,0.54,0.27,0.68,0.67,0.43,0.46,0.41,0.61,0.48,0.37,0.47,0.31,0.77,0.51,0.61,Level 3,33,0.59,0.35,0.69,0.71,0.49,0.45,0.47,0.62,0.53,0.29,0.57,0.38,0.79,0.61,0.54,Level 3,31,0.53,0.27,0.69,0.62,0.54,0.53,0.45,0.51,0.45,0.81,0.45,0.46,0.5,0.37,0.58,Level 3,114,0.60079546,0.3621814,0.70008268,0.7401223,0.65544765,0.55618753,0.4174441,0.56138381,0.45946269,0.8064664,0.53618063,Level 3,105,0.60878272,0.43028931,0.6989039,0.69715495,0.64008139,0.52793184,0.39182785,0.52473909,0.42624248,0.77586366,0.52098612,Level 3,108,0.70293093,0.53495038,0.80634282,0.76749959,0.71416909,CM0902,Level 3,102.0,0.64477469,0.46672526,0.77830409,0.68929471,0.59935607
Northwest Fisheries Science Center,CM090216,Level 3,39,0.55,0.32,0.7,0.63,0.41,0.46,0.41,0.63,0.5,0.42,0.52,0.38,0.73,0.44,0.59,Level 3,34,0.6,0.36,0.69,0.74,0.44,0.47,0.45,0.7,0.52,0.51,0.51,0.37,0.72,0.5,0.66,Level 3,40,0.63,0.46,0.69,0.75,0.75,0.59,0.47,0.56,0.55,0.76,0.6,0.57,0.56,0.53,0.71,Level 3,157,0.72350214,0.63719233,0.74278745,0.79052663,0.72300809,0.61027371,0.46535557,0.587717,0.557128,0.79509731,0.64607066,Level 3,115,0.70581403,0.63523871,0.73057577,0.75162762,0.71525537,0.59617617,0.45898851,0.54159364,0.58959958,0.76816601,0.62253309,Level 3,125,0.80450735,0.73904005,0.86026736,0.81421465,0.7804891,CM0902,Level 3,124.0,0.67905461,0.52381512,0.81167969,0.70166901,0.60871481
Southwest Fisheries Science Center,CM090217,Level 3,37,0.59,0.32,0.73,0.72,0.44,0.47,0.51,0.63,0.49,0.31,0.46,0.37,0.75,0.59,0.56,Level 3,43,0.61,0.36,0.69,0.78,0.5,0.51,0.51,0.71,0.53,0.38,0.52,0.42,0.75,0.59,0.71,Level 3,24,0.63,0.42,0.72,0.76,0.72,0.6,0.47,0.59,0.5,0.83,0.61,0.53,0.56,0.61,0.69,Level 3,106,0.65238945,0.397981,0.76983505,0.78935229,0.69387747,0.53249853,0.38397324,0.49915803,0.38064329,0.7925869,0.60613118,Level 3,89,0.6562161,0.39527231,0.79388118,0.77949482,0.67155394,0.58130728,0.44372125,0.55117721,0.47208387,0.7966743,0.64287978,Level 3,108,0.71945174,0.51294191,0.86684777,0.77856555,0.73255728,CM0902,Level 3,86.0,0.67771347,0.48736241,0.81528044,0.73049755,0.6337363
Alaska Fisheries Science Center,CM090218,Level 3,48,0.66,0.52,0.73,0.73,0.59,0.48,0.46,0.63,0.56,0.35,0.54,0.56,0.82,0.55,0.61,Level 3,41,0.63,0.52,0.63,0.75,0.56,0.52,0.5,0.62,0.56,0.4,0.49,0.5,0.75,0.66,0.71,Level 3,38,0.73,0.59,0.79,0.83,0.74,0.63,0.52,0.54,0.56,0.86,0.66,0.64,0.57,0.6,0.66,Level 3,183,0.70501608,0.58134992,0.76803655,0.76566175,0.70819549,0.62928602,0.51788851,0.61268603,0.57064309,0.82211397,0.62309847,Level 3,140,0.69981755,0.57203079,0.75503274,0.77238912,0.72632697,0.63113225,0.49828802,0.61637153,0.56307106,0.82689673,0.65103389,Level 3,161,0.74214251,0.6102587,0.82969005,0.78647879,0.72279198,CM0902,Level 3,139.0,0.70397589,0.58312644,0.8022166,0.72658462,0.6318552
Pacific Islands Fisheries Science Center,CM090219,Level 3,33,0.64,0.43,0.78,0.73,0.55,0.53,0.52,0.67,0.54,0.39,0.5,0.4,0.85,0.55,0.62,Level 3,37,0.63,0.43,0.77,0.7,0.54,0.53,0.52,0.63,0.51,0.37,0.49,0.33,0.83,0.56,0.63,Level 3,26,0.65,0.46,0.78,0.7,0.68,0.56,0.38,0.52,0.51,0.82,0.57,0.53,0.56,0.6,0.68,Level 3,71,0.68026574,0.53313012,0.7503229,0.7573442,0.72283897,0.62838804,0.58472962,0.63430047,0.490657,0.83707581,0.59517729,Level 3,49,0.69367566,0.55372938,0.81272663,0.71457097,0.67758718,0.63799308,0.57407794,0.63098316,0.53332906,0.86387177,0.58770349,Level 3,54,0.7534723,0.55375958,0.87658485,0.83007249,0.73728044,CM0902,Level 3,52.0,0.81059263,0.68846087,0.93234003,0.810977,0.75265147
National Ocean Service,CM0903,Level 2,175,0.69,0.58,0.77,0.73,0.61,0.53,0.55,0.64,0.6,0.41,0.55,0.64,0.83,0.59,0.64,Level 2,243,0.72,0.59,0.78,0.78,0.63,0.6,0.6,0.7,0.65,0.51,0.62,0.62,0.83,0.67,0.7,Level 2,213,0.73,0.66,0.78,0.74,0.72,0.67,0.54,0.65,0.67,0.84,0.65,0.68,0.61,0.58,0.68,Level 2,639,0.75289017,0.67557986,0.79832967,0.78476098,0.73338408,0.68009029,0.52182731,0.68537928,0.6807907,0.84028872,0.67216546,Level 2,666,0.74064266,0.6491909,0.7924441,0.78029297,0.73192579,0.67466299,0.52282813,0.67604262,0.67538059,0.82697085,0.67209274,Level 2,674,0.79743563,0.71380563,0.84982725,0.828674,0.79781178,CM0903,Level 2,543.0,0.77078807,0.65283145,0.86186508,0.79766767,0.70197494
Office of Coast Survey,CM090301,Level 3,16,0.7,0.55,0.78,0.76,0.58,0.55,0.52,0.62,0.59,0.31,0.52,0.61,0.86,0.64,0.58,Level 3,32,0.72,0.59,0.78,0.8,0.63,0.61,0.58,0.66,0.64,0.54,0.62,0.56,0.8,0.68,0.67,Level 3,25,0.75,0.69,0.8,0.77,0.73,0.67,0.58,0.67,0.66,0.8,0.62,0.73,0.64,0.63,0.67,Level 3,126,0.7488225,0.61912215,0.8180525,0.80929286,0.75136856,0.68922547,0.54582013,0.72773385,0.64009797,0.84239429,0.69008113,Level 3,141,0.73668876,0.61711354,0.80077201,0.79218072,0.73438742,0.67909489,0.5393015,0.69364207,0.6440911,0.83051537,0.68792443,Level 3,156,0.80539615,0.69824751,0.88096643,0.8369745,0.8101316,CM0903,Level 3,123.0,0.79301726,0.66812531,0.88765553,0.82327093,0.71775715
Office of National Geodetic Survey,CM090302,Level 3,19,0.65,0.61,0.64,0.71,0.57,0.53,0.48,0.62,0.57,0.41,0.57,0.57,0.71,0.57,0.68,Level 3,21,0.77,0.7,0.8,0.8,0.69,0.64,0.63,0.71,0.67,0.5,0.7,0.57,0.86,0.71,0.69,Level 3,28,0.82,0.8,0.86,0.81,0.81,0.72,0.62,0.74,0.62,0.86,0.75,0.79,0.72,0.68,0.72,Level 3,110,0.78891267,0.77816545,0.80302956,0.78554299,0.74922336,0.69439501,0.52668881,0.71614645,0.7181981,0.81995062,0.69099106,Level 3,91,0.79878081,0.76180404,0.85252674,0.78201166,0.78651611,0.70373108,0.5559089,0.71432936,0.70809897,0.87301318,0.66730497,Level 3,93,0.85517958,0.79073891,0.91471259,0.86008725,0.82641611,CM0903,Level 3,80.0,0.78676412,0.68600245,0.87517375,0.79911617,0.70586196
Office of National Marine Sanctuaries,CM090303,Level 3,13,0.61,0.47,0.67,0.69,0.53,0.42,0.5,0.62,0.53,0.33,0.44,0.68,0.72,0.51,0.54,Level 3,17,0.66,0.49,0.67,0.8,0.55,0.57,0.61,0.76,0.65,0.48,0.54,0.69,0.8,0.75,0.78,Level 3,14,0.6,0.56,0.6,0.63,0.55,0.53,0.4,0.39,0.58,0.77,0.5,0.54,0.44,0.34,0.57,Level 3,83,0.74224556,0.69348028,0.7485132,0.7847432,0.73412998,0.65054011,0.47246179,0.6703492,0.62321692,0.82488119,0.66179142,Level 3,101,0.70355911,0.6395095,0.72525102,0.74591681,0.72411973,0.62211041,0.47672837,0.61298743,0.61971856,0.76749706,0.63362065,Level 3,111,0.76233805,0.69738872,0.78179653,0.80782889,0.78092827,CM0903,Level 3,64.0,0.74356171,0.65623809,0.8191159,0.75533114,0.71205897
National Centers for Coastal Ocean Science,CM090304,Level 3,21,0.68,0.55,0.81,0.69,0.59,0.51,0.48,0.61,0.61,0.4,0.54,0.65,0.91,0.55,0.62,Level 3,53,0.65,0.46,0.79,0.68,0.55,0.52,0.53,0.62,0.6,0.43,0.59,0.61,0.86,0.54,0.6,Level 3,44,0.67,0.6,0.73,0.68,0.64,0.65,0.51,0.62,0.7,0.79,0.61,0.61,0.55,0.57,0.66,Level 3,92,0.71894748,0.6639775,0.77412507,0.71873987,0.67426263,0.67115066,0.53317467,0.67836027,0.72346508,0.81929412,0.60145919,Level 3,95,0.76183236,0.70938171,0.81670341,0.75941197,0.70893534,0.69846594,0.52620061,0.71391699,0.73128306,0.84336423,0.67756483,Level 3,97,0.80134258,0.71437989,0.87508282,0.81456504,0.78247685,CM0903,Level 3,75.0,0.7783321,0.67961147,0.84789546,0.80748936,0.69560446
Office for Coastal Management,CM090305,Level 3,33,0.8,0.69,0.89,0.82,0.72,0.63,0.67,0.72,0.72,0.52,0.67,0.77,0.9,0.73,0.78,Level 3,31,0.87,0.84,0.88,0.88,0.79,0.72,0.65,0.79,0.79,0.63,0.75,0.85,0.94,0.77,0.83,Level 3,25,0.78,0.74,0.85,0.76,0.76,0.75,0.58,0.73,0.83,0.9,0.72,0.82,0.67,0.53,0.7,Level 3,76,0.80549771,0.73416047,0.86045084,0.82188183,0.78262679,0.72289257,0.59271738,0.70813801,0.71521889,0.87808547,0.7203031,Level 3,68,0.81420536,0.74318209,0.84822884,0.85120514,0.79610422,0.73850668,0.60716663,0.69808227,0.7387251,0.86849289,0.78006649,Level 3,58,0.8451723,0.80021403,0.8883759,0.84692696,0.81902086,CM0903,Level 3,53.0,0.78127586,0.74198276,0.84053325,0.76131157,0.7009536
Office of Response and Restoration,CM090306,Level 3,26,0.74,0.57,0.89,0.75,0.66,0.54,0.68,0.64,0.63,0.45,0.54,0.65,0.92,0.61,0.67,Level 3,31,0.72,0.53,0.88,0.76,0.62,0.57,0.73,0.71,0.64,0.47,0.59,0.6,0.86,0.69,0.74,Level 3,16,0.75,0.54,0.89,0.81,0.81,0.68,0.55,0.56,0.64,0.95,0.72,0.64,0.61,0.71,0.73,Level 3,43,0.800172,0.63527434,0.89077687,0.87446477,0.82135771,0.73076178,0.53604974,0.70029312,0.73549363,0.92262838,0.75934404,Level 3,38,0.73889284,0.54377924,0.87838694,0.79451235,0.78639224,0.70362502,0.51174261,0.64966602,0.78129958,0.8940517,0.6813652,Level 3,32,0.77602019,0.58495257,0.84150084,0.90160717,0.79965457,CM0903,Level 3,33.0,0.69306835,0.48435541,0.83129468,0.76355497,0.64885884
Center for Operational Oceanographic Products and Services,CM090307,Level 3,24,0.62,0.5,0.72,0.62,0.57,0.48,0.53,0.6,0.53,0.39,0.47,0.56,0.78,0.47,0.54,Level 3,24,0.63,0.46,0.66,0.78,0.52,0.56,0.5,0.66,0.61,0.49,0.63,0.56,0.75,0.63,0.64,Level 3,31,0.7,0.57,0.78,0.74,0.73,0.65,0.5,0.64,0.64,0.86,0.63,0.59,0.59,0.6,0.7,Level 3,71,0.67105334,0.59065613,0.70114695,0.72135693,0.62398696,0.59549461,0.4133317,0.56484383,0.60773996,0.80181679,0.58974079,Level 3,90,0.64969389,0.51029958,0.67500379,0.76377828,0.63265902,0.60928542,0.438127,0.61198857,0.63392584,0.7452531,0.61713258,Level 3,79,0.73691837,0.6651471,0.76493291,0.78067511,0.764592,CM0903,Level 3,66.0,0.75772481,0.59752538,0.8638934,0.81175566,0.71200733
"Office of the Assistant Administrator, Ocean Services",CM090308,Level 3,23,0.75,0.66,0.79,0.79,0.69,0.62,0.63,0.7,0.66,0.57,0.67,0.58,0.81,0.67,0.7,Level 3,34,0.76,0.69,0.78,0.79,0.71,0.63,0.67,0.79,0.66,0.55,0.57,0.66,0.8,0.72,0.76,Level 3,30,0.73,0.69,0.76,0.75,0.7,0.7,0.55,0.74,0.71,0.83,0.67,0.69,0.62,0.58,0.67,Level 3,38,0.76753202,0.64093912,0.84513493,0.816522,0.78809445,0.71780667,0.56726402,0.67859539,0.72869364,0.88702988,0.72745043,Level 3,42,0.74788136,0.63171378,0.83028742,0.78164289,0.74760261,0.68182479,0.57397236,0.71638052,0.59564695,0.87256583,0.65055829,Level 3,48,0.78568584,0.71338715,0.81891353,0.82475684,0.80287836,CM0903,Level 3,39.0,0.73740328,0.55706459,0.86404423,0.79110103,0.64954741
National Weather Service,CM0904,Level 2,629,0.65,0.48,0.75,0.73,0.56,0.55,0.59,0.71,0.6,0.51,0.59,0.5,0.8,0.62,0.7,Level 2,583,0.63,0.46,0.73,0.72,0.56,0.55,0.57,0.69,0.59,0.51,0.56,0.48,0.78,0.6,0.67,Level 2,542,0.63,0.44,0.75,0.71,0.69,0.6,0.51,0.59,0.51,0.79,0.6,0.56,0.54,0.57,0.7,Level 2,1594,0.66024308,0.50369292,0.73133562,0.74570071,0.70550757,0.62308332,0.53628464,0.61577038,0.55577798,0.7703109,0.63727271,Level 2,1729,0.69566591,0.54940636,0.77405486,0.76353651,0.73458043,0.65621286,0.55662161,0.65083711,0.60086144,0.81045913,0.662285,Level 2,1418,0.74134079,0.62559732,0.78929486,0.8091302,0.77348014,CM0904,Level 2,1374.0,0.72064949,0.59684877,0.79418243,0.77091728,0.70277993
"Office of Assistant Administrator, Weather Services",CM090401,Level 3,24,0.53,0.41,0.59,0.57,0.48,0.48,0.39,0.58,0.5,0.45,0.57,0.31,0.66,0.49,0.59,Level 3,32,0.72,0.62,0.8,0.73,0.67,0.55,0.57,0.74,0.57,0.45,0.48,0.55,0.79,0.6,0.74,Level 3,27,0.67,0.63,0.69,0.68,0.65,0.56,0.39,0.54,0.6,0.7,0.56,0.61,0.46,0.52,0.62,Level 3,47,0.72163644,0.68649289,0.70342616,0.77499028,0.7249032,0.64189485,0.5165608,0.60788769,0.66205621,0.73736782,0.68560171,Level 3,72,0.71722917,0.61422514,0.76775921,0.76970316,0.75552078,0.61499668,0.45488694,0.61209769,0.53268428,0.80401121,0.67130326,Level 3,64,0.78275594,0.74570026,0.78161633,0.82095122,0.77786367,CM0904,Level 3,63.0,0.79356187,0.68155225,0.86747027,0.83166308,0.71653789
Office of Planning and Programming for Service Delivery,CM090402,Level 3,128,0.66,0.51,0.75,0.73,0.58,0.57,0.65,0.74,0.63,0.54,0.6,0.53,0.8,0.66,0.76,Level 3,88,0.63,0.51,0.68,0.7,0.55,0.51,0.51,0.62,0.53,0.43,0.5,0.49,0.71,0.54,0.61,Level 3,91,0.7,0.63,0.79,0.68,0.64,0.62,0.45,0.6,0.62,0.82,0.6,0.66,0.53,0.51,0.65,Level 3,150,0.70733814,0.59793734,0.78719757,0.73687951,0.67617655,0.63753938,0.50506937,0.61536191,0.60492384,0.82287975,0.63946206,Level 3,149,0.72052341,0.61252448,0.79058863,0.75845714,0.70013222,0.65995903,0.5040317,0.65447409,0.64027845,0.8344061,0.66660482,Level 3,138,0.73412331,0.6520425,0.77836249,0.77196495,0.71321739,CM0904,Level 3,143.0,0.73105248,0.62012882,0.81861671,0.75441191,0.69718578
Office of the Chief Operating Officer,CM090403,Level 3,70,0.66,0.41,0.79,0.77,0.54,0.54,0.6,0.73,0.62,0.47,0.6,0.57,0.84,0.65,0.72,Level 3,463,0.63,0.45,0.73,0.72,0.56,0.55,0.58,0.7,0.59,0.52,0.57,0.48,0.78,0.6,0.68,Level 3,424,0.63,0.42,0.75,0.71,0.7,0.6,0.52,0.59,0.5,0.79,0.6,0.55,0.55,0.58,0.71,Level 3,1396,0.65423073,0.49003135,0.72697174,0.74568912,0.70778861,0.62130957,0.5397410499999999,0.61609056,0.54846999,0.76643016,0.63581611,Level 3,1508,0.69245993,0.54082172,0.77284067,0.7637174,0.73682228,0.657552,0.56547638,0.65209012,0.60014828,0.80855082,0.66149438,Level 3,1216,0.74024186,0.61796363,0.79065826,0.81210369,0.7789477,CM0904,Level 3,1168.0,0.71585081,0.589921,0.78785195,0.76977948,0.70270127
Office of Oceanic and Atmospheric Research,CM0905,Level 2,90,0.73,0.64,0.75,0.81,0.66,0.62,0.6,0.73,0.66,0.54,0.62,0.59,0.83,0.7,0.7,Level 2,82,0.75,0.65,0.79,0.83,0.68,0.64,0.64,0.77,0.68,0.57,0.7,0.61,0.82,0.69,0.75,Level 2,65,0.67,0.54,0.74,0.74,0.66,0.65,0.52,0.65,0.62,0.81,0.64,0.64,0.6,0.6,0.7,Level 2,261,0.70975557,0.58171917,0.7627009,0.78484665,0.6857332,0.64371664,0.54620876,0.64168552,0.56131511,0.79219295,0.67718086,Level 2,305,0.71707733,0.61102602,0.74946644,0.79073953,0.7239728,0.66273005,0.54043904,0.66376875,0.63443745,0.79026458,0.68474041,Level 2,320,0.7997684,0.72170553,0.83144327,0.84615641,0.8050515,CM0905,Level 2,339.0,0.79110381,0.67159975,0.86185145,0.83986023,0.73917283
UNSEC,CM0906,Level 2,14,0.62,0.58,0.66,0.6,0.64,0.58,0.48,0.42,0.64,0.49,0.65,0.81,0.77,0.48,0.49,Level 2,89,0.7,0.54,0.79,0.79,0.62,0.61,0.61,0.75,0.63,0.46,0.61,0.59,0.84,0.67,0.78,Level 2,98,0.79,0.7,0.88,0.8,0.84,0.72,0.57,0.69,0.72,0.89,0.73,0.75,0.68,0.67,0.78,Level 2,124,0.79659849,0.72537358,0.8309954,0.8334265,0.7990429,0.72948513,0.60600206,0.69068103,0.73704852,0.85014711,0.76354693,Level 2,109,0.80759271,0.68831208,0.87602816,0.85843789,0.85277912,0.75143019,0.60185683,0.73586138,0.75308923,0.88544672,0.78089681,Level 2,120,0.84866425,0.70956386,0.91661635,0.91981255,0.87199744,CM0906,Level 2,111.0,0.81461794,0.71404229,0.89297983,0.8368317,0.75943338
Office of Marine and Aviation Operations,CM0907,Level 2,105,0.72,0.57,0.83,0.76,0.63,0.58,0.61,0.7,0.62,0.5,0.55,0.56,0.86,0.63,0.73,Level 2,83,0.59,0.45,0.65,0.69,0.48,0.45,0.48,0.62,0.49,0.36,0.46,0.4,0.69,0.53,0.56,Level 2,66,0.58,0.41,0.69,0.65,0.5,0.53,0.4,0.52,0.47,0.7,0.55,0.5,0.48,0.49,0.63,Level 2,144,0.63368344,0.49500659,0.70706543,0.69897831,0.56504974,0.5461676,0.42932812,0.53500598,0.47645475,0.71590871,0.57414043,Level 2,135,0.63968032,0.50936841,0.69447206,0.71520048,0.6267986,0.55545069,0.46067828,0.54075937,0.49338769,0.69086685,0.59156125,Level 2,151,0.70946188,0.58847757,0.78935988,0.75054819,0.68052556,CM0907,Level 2,115.0,0.66691222,0.55210033,0.71761675,0.73101959,0.577852
Aviation Operations Center,CM090703,Level 3,36,0.74,0.54,0.89,0.78,0.64,0.62,0.66,0.73,0.64,0.54,0.56,0.56,0.92,0.64,0.77,Level 3,22,0.53,0.44,0.51,0.65,0.48,0.39,0.45,0.58,0.43,0.35,0.41,0.25,0.58,0.55,0.58,Level 3,15,0.6,0.45,0.65,0.7,0.52,0.52,0.46,0.52,0.32,0.72,0.59,0.5,0.46,0.57,0.64,Level 3,22,0.68493566,0.54541705,0.75931507,0.75007485,0.63824419,0.59058534,0.44222052,0.55438445,0.5043467,0.79315186,0.65882319,Level 3,19,0.73098499,0.65931381,0.74469261,0.78894856,0.68351353,0.65765947,0.50370713,0.63695082,0.61251232,0.8407965,0.69433058,Level 3,26,0.66343589,0.51338191,0.74056008,0.73636569,0.53936069,CM0907,Level 3,11.0,0.79938232,0.70385004,0.83772095,0.85657596,0.58150168
All other OMAO,CM090704,Level 3,30,0.71,0.61,0.8,0.72,0.63,0.52,0.56,0.63,0.62,0.49,0.51,0.62,0.82,0.64,0.59,Level 3,42,0.64,0.49,0.72,0.7,0.49,0.49,0.5,0.64,0.55,0.41,0.52,0.49,0.76,0.57,0.58,Level 3,26,0.58,0.42,0.68,0.63,0.49,0.52,0.37,0.5,0.49,0.7,0.54,0.49,0.47,0.48,0.62,Level 3,90,0.61713259,0.4941571,0.68260696,0.67463371,0.56696283,0.53536218,0.43708403,0.51670235,0.49485261,0.6878576,0.54031432,Level 3,71,0.65910583,0.52843418,0.71727447,0.73160885,0.69767894,0.56520216,0.49154241,0.57721417,0.45056756,0.70794028,0.59874639,Level 3,78,0.75203552,0.5981921,0.8569954,0.80091906,0.74955011,CM0907,Level 3,61.0,0.66028364,0.56136105,0.74299522,0.67649464,0.66986579
Staff Offices of the Office of the Under Secretary,CM0908,Level 2,65,0.56,0.34,0.72,0.63,0.47,0.47,0.47,0.58,0.48,0.35,0.51,0.32,0.76,0.46,0.48,Level 2,176,0.64,0.5,0.7,0.73,0.57,0.53,0.57,0.65,0.57,0.45,0.53,0.52,0.75,0.57,0.6,Level 2,189,0.68,0.56,0.77,0.7,0.62,0.64,0.52,0.61,0.65,0.82,0.59,0.63,0.59,0.62,0.66,Level 2,417,0.69398292,0.59061861,0.76489539,0.72643475,0.66505281,0.62958686,0.51309171,0.60534145,0.58603129,0.81889204,0.62457778,Level 2,417,0.70361044,0.5836444,0.78127611,0.74591081,0.67398529,0.63821725,0.51210975,0.62418923,0.58979656,0.82151751,0.6434732,Level 2,399,0.76458657,0.6729525,0.82834572,0.79246149,0.74481898,CM0908,Level 2,345.0,0.71522044,0.58184836,0.81423195,0.74958101,0.61592423
Office of the Chief Financial Officer,CM090803,Level 3,20,0.55,0.43,0.57,0.66,0.53,0.46,0.53,0.63,0.49,0.43,0.5,0.35,0.64,0.56,0.63,Level 3,30,0.59,0.47,0.55,0.76,0.52,0.43,0.53,0.58,0.51,0.3,0.45,0.63,0.63,0.57,0.52,Level 3,38,0.62,0.48,0.7,0.69,0.53,0.6,0.49,0.6,0.59,0.75,0.57,0.57,0.56,0.59,0.59,Level 3,97,0.67973161,0.53821742,0.77145772,0.72951969,0.59020738,0.61677899,0.46808274,0.59461026,0.5707769,0.8219637,0.62846138,Level 3,103,0.64277754,0.45300422,0.75466678,0.72066161,0.57714608,0.60532189,0.45637646,0.578063,0.57615561,0.80170734,0.61430706,Level 3,96,0.75768922,0.60374799,0.83595229,0.83336738,0.76076268,CM0908,Level 3,75.0,0.69683766,0.53094908,0.82287617,0.73668774,0.58335619
Office of the Chief Information Officer,CM090804,Level 3,29,0.59,0.33,0.77,0.67,0.47,0.49,0.47,0.56,0.5,0.35,0.57,0.26,0.83,0.48,0.48,Level 3,26,0.65,0.49,0.8,0.66,0.58,0.53,0.49,0.58,0.54,0.46,0.46,0.46,0.82,0.48,0.64,Level 3,24,0.76,0.69,0.85,0.73,0.74,0.72,0.58,0.73,0.75,0.92,0.61,0.71,0.65,0.66,0.7,Level 3,45,0.72650567,0.6322358,0.77592059,0.77136062,0.71328277,0.6259046,0.45120544,0.63410881,0.54377664,0.83068868,0.66974342,Level 3,47,0.76511533,0.64582938,0.83479776,0.81471885,0.79055868,0.66311947,0.50932975,0.63070654,0.61605863,0.86761597,0.69188643,Level 3,42,0.77639107,0.75283982,0.80061123,0.77572215,0.80244044,CM0908,Level 3,45.0,0.77081991,0.65224016,0.85794632,0.80227325,0.66921702
